317,2015-06-11 03:32:43,2015-06-11 06:17:54
317,2015-08-12 03:02:36,2015-08-12 06:51:44
317,2015-08-20 03:06:56,2015-08-20 07:18:20
317,2016-04-07 10:58:12,2016-04-07 12:18:24
317,2017-04-10 18:33:11,2017-04-10 19:54:11
540,2016-11-14 16:50:32,2016-11-14 18:11:35
540,2017-02-22 10:53:24,2017-02-22 18:12:26
540,2017-03-22 13:20:34,2017-03-22 17:40:34
540,2017-03-28 15:26:58,2017-03-28 17:07:18
540,2017-04-14 14:56:00,2017-04-14 17:16:31
606,2015-02-07 11:25:38,2015-02-07 17:49:24
805,2015-03-31 07:25:25,2015-03-31 11:46:08
